id_externo,banco,conta,data_transacao,valor,descricao,tipo,categoria_sugerida,data_extracao,correlation_id
TX_BB_41A438B7,BB,75436-3,2026-09-21 02:29:38,666.75,LOCALIZA RENT A CAR - Locação Executiva,Débito,Transfer/Transporte,2026-09-21T16:26:38.055068,FECHAMENTO-DIARIO-2026
TX_BB_61CBD33A,BB,91068-6,2026-09-21 04:31:38,5957.61,HOTEL COPACABANA PALACE - 3 Diárias,Débito,Hospedagem,2026-09-21T16:26:38.055068,FECHAMENTO-DIARIO-2026
TX_BB_2BD14591,BB,63013-2,2026-09-20 17:10:38,1034.05,GOL LINHAS AEREAS - Bilhete SP-RJ,Débito,Passagens Aéreas,2026-09-21T16:26:38.055068,FECHAMENTO-DIARIO-2026
TX_BB_092E52C9,BB,18086-1,2026-09-21 02:03:38,876.53,CHUBB SEGUROS - Seguro Viagem Internacional,Débito,Seguros,2026-09-21T16:26:38.055068,FECHAMENTO-DIARIO-2026
TX_BB_5B2CDE3E,BB,49462-7,2026-09-21 08:35:38,608.91,LOCALIZA RENT A CAR - Locação Executiva,Débito,Transfer/Transporte,2026-09-21T16:26:38.055068,FECHAMENTO-DIARIO-2026
TX_BB_3B53CA15,BB,32374-1,2026-09-21 07:03:38,346.16,TAXA BSP/IATA - Remissão de Bilhete Corporativo,Débito,Taxas/Serviços,2026-09-21T16:26:38.055068,FECHAMENTO-DIARIO-2026
TX_BB_31B9F471,BB,30523-0,2026-09-20 17:42:38,799.65,LOCALIZA RENT A CAR - Locação Executiva,Débito,Transfer/Transporte,2026-09-21T16:26:38.055068,FECHAMENTO-DIARIO-2026
TX_BB_E3C23BF8,BB,83928-3,2026-09-21 05:17:38,600.54,LOCALIZA RENT A CAR - Locação Executiva,Débito,Transfer/Transporte,2026-09-21T16:26:38.055068,FECHAMENTO-DIARIO-2026
TX_BB_60374928,BB,18327-6,2026-09-20 17:21:38,528.71,CHUBB SEGUROS - Seguro Viagem Internacional,Débito,Seguros,2026-09-21T16:26:38.055068,FECHAMENTO-DIARIO-2026
TX_BB_AF4D6D81,BB,85180-8,2026-09-21 14:27:38,3760.09,HOTEL COPACABANA PALACE - 3 Diárias,Débito,Hospedagem,2026-09-21T16:26:38.055068,FECHAMENTO-DIARIO-2026
TX_BB_F35119EB,BB,49103-6,2026-09-20 18:18:38,1926.44,LATAM AIRLINES - Bilhete GRU-BSB,Débito,Passagens Aéreas,2026-09-21T16:26:38.055068,FECHAMENTO-DIARIO-2026
TX_BB_497F7F17,BB,30377-4,2026-09-21 08:28:38,329.73,CHUBB SEGUROS - Seguro Viagem Internacional,Débito,Seguros,2026-09-21T16:26:38.055068,FECHAMENTO-DIARIO-2026
TX_BB_0E79A055,BB,89330-6,2026-09-21 08:07:38,266.69,TAXA BSP/IATA - Remissão de Bilhete Corporativo,Débito,Taxas/Serviços,2026-09-21T16:26:38.055068,FECHAMENTO-DIARIO-2026
TX_BB_C242840B,BB,77676-1,2026-09-21 00:41:38,535.53,IBIS HOTEL PAULISTA - Diárias Operacionais,Débito,Hospedagem,2026-09-21T16:26:38.055068,FECHAMENTO-DIARIO-2026
TX_BB_111E2381,BB,67216-1,2026-09-21 02:21:38,6133.14,HOTEL COPACABANA PALACE - 3 Diárias,Débito,Hospedagem,2026-09-21T16:26:38.055068,FECHAMENTO-DIARIO-2026
TX_BB_326FF548,BB,30344-9,2026-09-21 15:06:38,510.21,LOCALIZA RENT A CAR - Locação Executiva,Débito,Transfer/Transporte,2026-09-21T16:26:38.055068,FECHAMENTO-DIARIO-2026
TX_BB_D867DAAE,BB,58710-2,2026-09-21 07:41:38,6429.57,HOTEL COPACABANA PALACE - 3 Diárias,Débito,Hospedagem,2026-09-21T16:26:38.055068,FECHAMENTO-DIARIO-2026
TX_BB_FE62EFBC,BB,91551-9,2026-09-21 15:47:38,379.21,TAXA BSP/IATA - Remissão de Bilhete Corporativo,Débito,Taxas/Serviços,2026-09-21T16:26:38.055068,FECHAMENTO-DIARIO-2026
TX_BB_01F184CA,BB,99432-8,2026-09-20 19:13:38,1523.02,LATAM AIRLINES - Bilhete GRU-BSB,Débito,Passagens Aéreas,2026-09-21T16:26:38.055068,FECHAMENTO-DIARIO-2026
TX_BB_5F40E287,BB,22533-2,2026-09-20 20:36:38,4674.62,HOTEL COPACABANA PALACE - 3 Diárias,Débito,Hospedagem,2026-09-21T16:26:38.055068,FECHAMENTO-DIARIO-2026
TX_BB_8F1BF5B9,BB,67724-1,2026-09-21 03:42:38,587.91,LOCALIZA RENT A CAR - Locação Executiva,Débito,Transfer/Transporte,2026-09-21T16:26:38.055068,FECHAMENTO-DIARIO-2026
TX_BB_2BBC694B,BB,21315-6,2026-09-21 04:59:38,1582.12,LATAM AIRLINES - Bilhete GRU-BSB,Débito,Passagens Aéreas,2026-09-21T16:26:38.055068,FECHAMENTO-DIARIO-2026
TX_BB_4B563EF7,BB,22961-1,2026-09-21 14:21:38,517.36,CHUBB SEGUROS - Seguro Viagem Internacional,Débito,Seguros,2026-09-21T16:26:38.055068,FECHAMENTO-DIARIO-2026
TX_BB_1148DF29,BB,49732-2,2026-09-21 15:39:38,1992.29,LATAM AIRLINES - Bilhete GRU-BSB,Débito,Passagens Aéreas,2026-09-21T16:26:38.055068,FECHAMENTO-DIARIO-2026
TX_BB_F5716DEF,BB,36363-0,2026-09-21 13:24:38,1086.17,GOL LINHAS AEREAS - Bilhete SP-RJ,Débito,Passagens Aéreas,2026-09-21T16:26:38.055068,FECHAMENTO-DIARIO-2026
TX_BB_C27462C3,BB,36093-8,2026-09-21 04:10:38,131.44,UBER FOR BUSINESS - Deslocamentos Diretoria,Débito,Transfer/Transporte,2026-09-21T16:26:38.055068,FECHAMENTO-DIARIO-2026
TX_BB_40D771EF,BB,30908-1,2026-09-21 02:51:38,1708.27,GOL LINHAS AEREAS - Bilhete SP-RJ,Débito,Passagens Aéreas,2026-09-21T16:26:38.055068,FECHAMENTO-DIARIO-2026
TX_BB_B1C6ABB5,BB,83136-5,2026-09-20 19:57:38,637.01,LOCALIZA RENT A CAR - Locação Executiva,Débito,Transfer/Transporte,2026-09-21T16:26:38.055068,FECHAMENTO-DIARIO-2026
TX_BB_2E149904,BB,44481-1,2026-09-20 23:21:38,1936.92,LATAM AIRLINES - Bilhete GRU-BSB,Débito,Passagens Aéreas,2026-09-21T16:26:38.055068,FECHAMENTO-DIARIO-2026
TX_BB_FFF0D781,BB,77141-3,2026-09-20 18:21:38,598.16,CHUBB SEGUROS - Seguro Viagem Internacional,Débito,Seguros,2026-09-21T16:26:38.055068,FECHAMENTO-DIARIO-2026
TX_BB_5CB86B64,BB,77738-4,2026-09-20 23:58:38,472.34,CHUBB SEGUROS - Seguro Viagem Internacional,Débito,Seguros,2026-09-21T16:26:38.055068,FECHAMENTO-DIARIO-2026
TX_BB_A3DDF38E,BB,60624-4,2026-09-20 21:29:38,226.22,TAXA BSP/IATA - Remissão de Bilhete Corporativo,Débito,Taxas/Serviços,2026-09-21T16:26:38.055068,FECHAMENTO-DIARIO-2026
TX_BB_EF9D7B6A,BB,26599-5,2026-09-20 20:19:38,4179.34,HOTEL COPACABANA PALACE - 3 Diárias,Débito,Hospedagem,2026-09-21T16:26:38.055068,FECHAMENTO-DIARIO-2026
TX_BB_1FC451DC,BB,30804-9,2026-09-21 15:28:38,767.1,CHUBB SEGUROS - Seguro Viagem Internacional,Débito,Seguros,2026-09-21T16:26:38.055068,FECHAMENTO-DIARIO-2026
TX_BB_B6F74B0D,BB,98460-2,2026-09-21 12:43:38,863.35,CHUBB SEGUROS - Seguro Viagem Internacional,Débito,Seguros,2026-09-21T16:26:38.055068,FECHAMENTO-DIARIO-2026
TX_BRADESCO_E7F9E6DC,BRADESCO,29967-4,2026-09-20 21:05:38,134.32,UBER FOR BUSINESS - Deslocamentos Diretoria,Débito,Transfer/Transporte,2026-09-21T16:26:38.055068,FECHAMENTO-DIARIO-2026
TX_BRADESCO_A2B4A60B,BRADESCO,56375-7,2026-09-20 18:18:38,4775.51,HOTEL COPACABANA PALACE - 3 Diárias,Débito,Hospedagem,2026-09-21T16:26:38.055068,FECHAMENTO-DIARIO-2026
TX_BRADESCO_4449CD45,BRADESCO,37577-8,2026-09-21 07:07:38,724.35,LOCALIZA RENT A CAR - Locação Executiva,Débito,Transfer/Transporte,2026-09-21T16:26:38.055068,FECHAMENTO-DIARIO-2026
TX_BRADESCO_3D0B81F0,BRADESCO,43920-1,2026-09-20 21:52:38,510.0,IBIS HOTEL PAULISTA - Diárias Operacionais,Débito,Hospedagem,2026-09-21T16:26:38.055068,FECHAMENTO-DIARIO-2026
TX_BRADESCO_CF308C83,BRADESCO,99336-9,2026-09-21 06:42:38,415.68,TAXA BSP/IATA - Remissão de Bilhete Corporativo,Débito,Taxas/Serviços,2026-09-21T16:26:38.055068,FECHAMENTO-DIARIO-2026
TX_BRADESCO_438ADB76,BRADESCO,96617-6,2026-09-21 12:07:38,211.93,UBER FOR BUSINESS - Deslocamentos Diretoria,Débito,Transfer/Transporte,2026-09-21T16:26:38.055068,FECHAMENTO-DIARIO-2026
TX_BRADESCO_0D9910E3,BRADESCO,26698-5,2026-09-20 20:03:38,874.52,LOCALIZA RENT A CAR - Locação Executiva,Débito,Transfer/Transporte,2026-09-21T16:26:38.055068,FECHAMENTO-DIARIO-2026
TX_BRADESCO_A136E398,BRADESCO,33542-6,2026-09-21 10:02:38,516.1,CHUBB SEGUROS - Seguro Viagem Internacional,Débito,Seguros,2026-09-21T16:26:38.055068,FECHAMENTO-DIARIO-2026
TX_BRADESCO_094BE832,BRADESCO,63136-0,2026-09-21 09:44:38,244.88,UBER FOR BUSINESS - Deslocamentos Diretoria,Débito,Transfer/Transporte,2026-09-21T16:26:38.055068,FECHAMENTO-DIARIO-2026
TX_BRADESCO_13A99FDD,BRADESCO,34428-7,2026-09-21 10:45:38,391.07,CHUBB SEGUROS - Seguro Viagem Internacional,Débito,Seguros,2026-09-21T16:26:38.055068,FECHAMENTO-DIARIO-2026
TX_BRADESCO_768C69C1,BRADESCO,98428-3,2026-09-21 04:21:38,949.5,GOL LINHAS AEREAS - Bilhete SP-RJ,Débito,Passagens Aéreas,2026-09-21T16:26:38.055068,FECHAMENTO-DIARIO-2026
TX_BRADESCO_6C738C00,BRADESCO,94387-9,2026-09-20 23:35:38,169.38,UBER FOR BUSINESS - Deslocamentos Diretoria,Débito,Transfer/Transporte,2026-09-21T16:26:38.055068,FECHAMENTO-DIARIO-2026
TX_BRADESCO_BD6A52E2,BRADESCO,72053-1,2026-09-21 06:09:38,368.46,TAXA BSP/IATA - Remissão de Bilhete Corporativo,Débito,Taxas/Serviços,2026-09-21T16:26:38.055068,FECHAMENTO-DIARIO-2026
TX_BRADESCO_543592E9,BRADESCO,19825-6,2026-09-21 16:23:38,350.54,TAXA BSP/IATA - Remissão de Bilhete Corporativo,Débito,Taxas/Serviços,2026-09-21T16:26:38.055068,FECHAMENTO-DIARIO-2026
TX_BRADESCO_ACAF5CEE,BRADESCO,68620-1,2026-09-21 07:18:38,173.56,TAXA BSP/IATA - Remissão de Bilhete Corporativo,Débito,Taxas/Serviços,2026-09-21T16:26:38.055068,FECHAMENTO-DIARIO-2026
TX_BRADESCO_D3AD0F09,BRADESCO,51114-2,2026-09-21 05:53:38,1484.3,LATAM AIRLINES - Bilhete GRU-BSB,Débito,Passagens Aéreas,2026-09-21T16:26:38.055068,FECHAMENTO-DIARIO-2026
TX_BRADESCO_B4B39B3A,BRADESCO,55057-3,2026-09-21 12:44:38,739.76,CHUBB SEGUROS - Seguro Viagem Internacional,Débito,Seguros,2026-09-21T16:26:38.055068,FECHAMENTO-DIARIO-2026
TX_BRADESCO_AD961AAF,BRADESCO,79041-3,2026-09-21 02:05:38,341.81,TAXA BSP/IATA - Remissão de Bilhete Corporativo,Débito,Taxas/Serviços,2026-09-21T16:26:38.055068,FECHAMENTO-DIARIO-2026
TX_BRADESCO_9E3F19B4,BRADESCO,34754-6,2026-09-21 05:16:38,662.81,IBIS HOTEL PAULISTA - Diárias Operacionais,Débito,Hospedagem,2026-09-21T16:26:38.055068,FECHAMENTO-DIARIO-2026
TX_BRADESCO_88B2E503,BRADESCO,49588-4,2026-09-20 20:50:38,701.86,CHUBB SEGUROS - Seguro Viagem Internacional,Débito,Seguros,2026-09-21T16:26:38.055068,FECHAMENTO-DIARIO-2026
TX_BRADESCO_85792866,BRADESCO,47292-5,2026-09-21 08:32:38,242.86,TAXA BSP/IATA - Remissão de Bilhete Corporativo,Débito,Taxas/Serviços,2026-09-21T16:26:38.055068,FECHAMENTO-DIARIO-2026
TX_BRADESCO_0CC3F35D,BRADESCO,60531-8,2026-09-21 06:08:38,383.87,CHUBB SEGUROS - Seguro Viagem Internacional,Débito,Seguros,2026-09-21T16:26:38.055068,FECHAMENTO-DIARIO-2026
TX_BRADESCO_332E18CC,BRADESCO,39188-8,2026-09-20 21:37:38,4252.47,HOTEL COPACABANA PALACE - 3 Diárias,Débito,Hospedagem,2026-09-21T16:26:38.055068,FECHAMENTO-DIARIO-2026
TX_BRADESCO_4EB844ED,BRADESCO,39783-8,2026-09-20 19:43:38,394.06,LOCALIZA RENT A CAR - Locação Executiva,Débito,Transfer/Transporte,2026-09-21T16:26:38.055068,FECHAMENTO-DIARIO-2026
TX_BRADESCO_0E74E92A,BRADESCO,69652-7,2026-09-20 22:32:38,1768.73,GOL LINHAS AEREAS - Bilhete SP-RJ,Débito,Passagens Aéreas,2026-09-21T16:26:38.055068,FECHAMENTO-DIARIO-2026
TX_BRADESCO_29E12905,BRADESCO,45210-8,2026-09-20 20:01:38,762.74,LOCALIZA RENT A CAR - Locação Executiva,Débito,Transfer/Transporte,2026-09-21T16:26:38.055068,FECHAMENTO-DIARIO-2026
TX_BRADESCO_EBF6A36A,BRADESCO,10177-5,2026-09-21 09:52:38,818.47,LOCALIZA RENT A CAR - Locação Executiva,Débito,Transfer/Transporte,2026-09-21T16:26:38.055068,FECHAMENTO-DIARIO-2026
TX_BRADESCO_8F7D0345,BRADESCO,72499-4,2026-09-21 06:31:38,688.75,CHUBB SEGUROS - Seguro Viagem Internacional,Débito,Seguros,2026-09-21T16:26:38.055068,FECHAMENTO-DIARIO-2026
TX_BRADESCO_422AC74A,BRADESCO,19234-0,2026-09-21 01:54:38,1814.88,LATAM AIRLINES - Bilhete GRU-BSB,Débito,Passagens Aéreas,2026-09-21T16:26:38.055068,FECHAMENTO-DIARIO-2026
TX_BRADESCO_8DEBF918,BRADESCO,56480-3,2026-09-21 15:38:38,742.55,IBIS HOTEL PAULISTA - Diárias Operacionais,Débito,Hospedagem,2026-09-21T16:26:38.055068,FECHAMENTO-DIARIO-2026
TX_BRADESCO_0ECF7FD5,BRADESCO,71692-3,2026-09-21 11:44:38,1127.42,IBIS HOTEL PAULISTA - Diárias Operacionais,Débito,Hospedagem,2026-09-21T16:26:38.055068,FECHAMENTO-DIARIO-2026
TX_BRADESCO_CRITICO_E51683,BRADESCO,99999-9,2026-09-21 16:26:38,239088.39,CHARTER AEREO EXECUTIVO - Fretamento Internacional,Débito,Passagens Aéreas,2026-09-21T16:26:38.055068,FECHAMENTO-DIARIO-2026
TX_ITAU_3924A051,ITAU,55992-2,2026-09-20 21:14:38,4068.01,HOTEL COPACABANA PALACE - 3 Diárias,Débito,Hospedagem,2026-09-21T16:26:38.055068,FECHAMENTO-DIARIO-2026
TX_ITAU_06545490,ITAU,59955-3,2026-09-20 19:13:38,826.41,CHUBB SEGUROS - Seguro Viagem Internacional,Débito,Seguros,2026-09-21T16:26:38.055068,FECHAMENTO-DIARIO-2026
TX_ITAU_D3EEA2F3,ITAU,76513-6,2026-09-20 23:49:38,1282.71,GOL LINHAS AEREAS - Bilhete SP-RJ,Débito,Passagens Aéreas,2026-09-21T16:26:38.055068,FECHAMENTO-DIARIO-2026
TX_ITAU_342E1627,ITAU,54382-5,2026-09-21 10:27:38,239.12,UBER FOR BUSINESS - Deslocamentos Diretoria,Débito,Transfer/Transporte,2026-09-21T16:26:38.055068,FECHAMENTO-DIARIO-2026
TX_ITAU_5DE0D4D9,ITAU,53719-7,2026-09-21 07:29:38,462.12,CHUBB SEGUROS - Seguro Viagem Internacional,Débito,Seguros,2026-09-21T16:26:38.055068,FECHAMENTO-DIARIO-2026
TX_ITAU_017E5CEA,ITAU,81260-5,2026-09-21 15:12:38,1158.86,IBIS HOTEL PAULISTA - Diárias Operacionais,Débito,Hospedagem,2026-09-21T16:26:38.055068,FECHAMENTO-DIARIO-2026
TX_ITAU_66984148,ITAU,44918-7,2026-09-20 23:06:38,369.15,LOCALIZA RENT A CAR - Locação Executiva,Débito,Transfer/Transporte,2026-09-21T16:26:38.055068,FECHAMENTO-DIARIO-2026
TX_ITAU_D2D105FE,ITAU,92757-8,2026-09-21 00:27:38,301.24,UBER FOR BUSINESS - Deslocamentos Diretoria,Débito,Transfer/Transporte,2026-09-21T16:26:38.055068,FECHAMENTO-DIARIO-2026
TX_ITAU_D67D629F,ITAU,20268-6,2026-09-20 18:27:38,286.45,TAXA BSP/IATA - Remissão de Bilhete Corporativo,Débito,Taxas/Serviços,2026-09-21T16:26:38.055068,FECHAMENTO-DIARIO-2026
TX_ITAU_B5560BB0,ITAU,61698-1,2026-09-21 15:32:38,5013.99,HOTEL COPACABANA PALACE - 3 Diárias,Débito,Hospedagem,2026-09-21T16:26:38.055068,FECHAMENTO-DIARIO-2026
TX_ITAU_50E336C4,ITAU,64238-5,2026-09-21 12:41:38,306.71,UBER FOR BUSINESS - Deslocamentos Diretoria,Débito,Transfer/Transporte,2026-09-21T16:26:38.055068,FECHAMENTO-DIARIO-2026
TX_ITAU_4BC077D9,ITAU,36071-0,2026-09-21 15:41:38,3994.85,HOTEL COPACABANA PALACE - 3 Diárias,Débito,Hospedagem,2026-09-21T16:26:38.055068,FECHAMENTO-DIARIO-2026
TX_ITAU_E7754053,ITAU,22759-3,2026-09-21 15:43:38,772.58,IBIS HOTEL PAULISTA - Diárias Operacionais,Débito,Hospedagem,2026-09-21T16:26:38.055068,FECHAMENTO-DIARIO-2026
TX_ITAU_7FAE237F,ITAU,97934-8,2026-09-21 15:47:38,1769.84,LATAM AIRLINES - Bilhete GRU-BSB,Débito,Passagens Aéreas,2026-09-21T16:26:38.055068,FECHAMENTO-DIARIO-2026
TX_ITAU_6FEF6A9C,ITAU,38374-6,2026-09-20 23:01:38,1722.66,LATAM AIRLINES - Bilhete GRU-BSB,Débito,Passagens Aéreas,2026-09-21T16:26:38.055068,FECHAMENTO-DIARIO-2026
TX_ITAU_45422C13,ITAU,60737-3,2026-09-20 20:13:38,1516.0,LATAM AIRLINES - Bilhete GRU-BSB,Débito,Passagens Aéreas,2026-09-21T16:26:38.055068,FECHAMENTO-DIARIO-2026
TX_ITAU_9CBC6B4D,ITAU,50597-8,2026-09-20 21:10:38,2297.31,LATAM AIRLINES - Bilhete GRU-BSB,Débito,Passagens Aéreas,2026-09-21T16:26:38.055068,FECHAMENTO-DIARIO-2026
TX_ITAU_015B77EC,ITAU,67798-9,2026-09-20 19:12:38,879.07,LOCALIZA RENT A CAR - Locação Executiva,Débito,Transfer/Transporte,2026-09-21T16:26:38.055068,FECHAMENTO-DIARIO-2026
TX_ITAU_79E4F06A,ITAU,53264-4,2026-09-21 14:04:38,1947.71,LATAM AIRLINES - Bilhete GRU-BSB,Débito,Passagens Aéreas,2026-09-21T16:26:38.055068,FECHAMENTO-DIARIO-2026
TX_ITAU_702AF9BF,ITAU,83437-8,2026-09-21 01:05:38,411.11,TAXA BSP/IATA - Remissão de Bilhete Corporativo,Débito,Taxas/Serviços,2026-09-21T16:26:38.055068,FECHAMENTO-DIARIO-2026
TX_ITAU_5F8E0CBE,ITAU,39515-0,2026-09-21 01:49:38,358.5,TAXA BSP/IATA - Remissão de Bilhete Corporativo,Débito,Taxas/Serviços,2026-09-21T16:26:38.055068,FECHAMENTO-DIARIO-2026
TX_ITAU_1BC48076,ITAU,14213-8,2026-09-21 08:40:38,166.94,TAXA BSP/IATA - Remissão de Bilhete Corporativo,Débito,Taxas/Serviços,2026-09-21T16:26:38.055068,FECHAMENTO-DIARIO-2026
TX_ITAU_EBE10776,ITAU,86054-5,2026-09-21 10:43:38,732.19,IBIS HOTEL PAULISTA - Diárias Operacionais,Débito,Hospedagem,2026-09-21T16:26:38.055068,FECHAMENTO-DIARIO-2026
TX_ITAU_01524F52,ITAU,29034-4,2026-09-20 17:49:38,1758.23,GOL LINHAS AEREAS - Bilhete SP-RJ,Débito,Passagens Aéreas,2026-09-21T16:26:38.055068,FECHAMENTO-DIARIO-2026
TX_ITAU_E0CBC3CD,ITAU,55225-4,2026-09-21 06:25:38,143.72,UBER FOR BUSINESS - Deslocamentos Diretoria,Débito,Transfer/Transporte,2026-09-21T16:26:38.055068,FECHAMENTO-DIARIO-2026
TX_ITAU_F57E213E,ITAU,70988-0,2026-09-21 03:27:38,3744.91,HOTEL COPACABANA PALACE - 3 Diárias,Débito,Hospedagem,2026-09-21T16:26:38.055068,FECHAMENTO-DIARIO-2026
TX_ITAU_A71D3538,ITAU,24327-1,2026-09-21 02:14:38,743.36,LOCALIZA RENT A CAR - Locação Executiva,Débito,Transfer/Transporte,2026-09-21T16:26:38.055068,FECHAMENTO-DIARIO-2026
TX_ITAU_CEF98EAB,ITAU,40225-1,2026-09-21 10:28:38,814.86,IBIS HOTEL PAULISTA - Diárias Operacionais,Débito,Hospedagem,2026-09-21T16:26:38.055068,FECHAMENTO-DIARIO-2026
TX_ITAU_AB3E76B0,ITAU,66748-8,2026-09-21 09:25:38,126.87,UBER FOR BUSINESS - Deslocamentos Diretoria,Débito,Transfer/Transporte,2026-09-21T16:26:38.055068,FECHAMENTO-DIARIO-2026
TX_ITAU_D226EF6A,ITAU,16102-8,2026-09-20 18:20:38,263.69,CHUBB SEGUROS - Seguro Viagem Internacional,Débito,Seguros,2026-09-21T16:26:38.055068,FECHAMENTO-DIARIO-2026
TX_ITAU_F402ACFC,ITAU,93449-5,2026-09-20 20:53:38,279.13,TAXA BSP/IATA - Remissão de Bilhete Corporativo,Débito,Taxas/Serviços,2026-09-21T16:26:38.055068,FECHAMENTO-DIARIO-2026
TX_ITAU_CRITICO_AF46AF,ITAU,99999-9,2026-09-21 16:26:38,169804.86,CHARTER AEREO EXECUTIVO - Fretamento Internacional,Débito,Passagens Aéreas,2026-09-21T16:26:38.055068,FECHAMENTO-DIARIO-2026
TX_SANTANDER_46210801,SANTANDER,34318-8,2026-09-21 08:39:38,765.05,IBIS HOTEL PAULISTA - Diárias Operacionais,Débito,Hospedagem,2026-09-21T16:26:38.055068,FECHAMENTO-DIARIO-2026
TX_SANTANDER_BDCD650D,SANTANDER,68445-4,2026-09-20 17:02:38,4689.89,HOTEL COPACABANA PALACE - 3 Diárias,Débito,Hospedagem,2026-09-21T16:26:38.055068,FECHAMENTO-DIARIO-2026
TX_SANTANDER_03BF457F,SANTANDER,37487-8,2026-09-21 13:21:38,852.61,LOCALIZA RENT A CAR - Locação Executiva,Débito,Transfer/Transporte,2026-09-21T16:26:38.055068,FECHAMENTO-DIARIO-2026
TX_SANTANDER_35CA7099,SANTANDER,54833-3,2026-09-21 11:33:38,259.77,UBER FOR BUSINESS - Deslocamentos Diretoria,Débito,Transfer/Transporte,2026-09-21T16:26:38.055068,FECHAMENTO-DIARIO-2026
TX_SANTANDER_6483AE87,SANTANDER,80705-6,2026-09-20 18:43:38,2219.49,LATAM AIRLINES - Bilhete GRU-BSB,Débito,Passagens Aéreas,2026-09-21T16:26:38.055068,FECHAMENTO-DIARIO-2026
TX_SANTANDER_E008C8E4,SANTANDER,40004-3,2026-09-20 20:37:38,1489.35,GOL LINHAS AEREAS - Bilhete SP-RJ,Débito,Passagens Aéreas,2026-09-21T16:26:38.055068,FECHAMENTO-DIARIO-2026
TX_SANTANDER_63099A5F,SANTANDER,13826-7,2026-09-21 03:52:38,222.21,UBER FOR BUSINESS - Deslocamentos Diretoria,Débito,Transfer/Transporte,2026-09-21T16:26:38.055068,FECHAMENTO-DIARIO-2026
TX_SANTANDER_6EF4875C,SANTANDER,20372-6,2026-09-21 06:32:38,846.36,LOCALIZA RENT A CAR - Locação Executiva,Débito,Transfer/Transporte,2026-09-21T16:26:38.055068,FECHAMENTO-DIARIO-2026
TX_SANTANDER_CDE40A3E,SANTANDER,25417-9,2026-09-21 05:07:38,489.25,LOCALIZA RENT A CAR - Locação Executiva,Débito,Transfer/Transporte,2026-09-21T16:26:38.055068,FECHAMENTO-DIARIO-2026
TX_SANTANDER_9B0EA230,SANTANDER,21754-1,2026-09-20 20:13:38,896.87,IBIS HOTEL PAULISTA - Diárias Operacionais,Débito,Hospedagem,2026-09-21T16:26:38.055068,FECHAMENTO-DIARIO-2026
TX_SANTANDER_2328C265,SANTANDER,24891-0,2026-09-21 11:43:38,1682.83,GOL LINHAS AEREAS - Bilhete SP-RJ,Débito,Passagens Aéreas,2026-09-21T16:26:38.055068,FECHAMENTO-DIARIO-2026
TX_SANTANDER_183A5509,SANTANDER,96545-6,2026-09-20 23:51:38,5229.84,HOTEL COPACABANA PALACE - 3 Diárias,Débito,Hospedagem,2026-09-21T16:26:38.055068,FECHAMENTO-DIARIO-2026
TX_SANTANDER_C33F3BA8,SANTANDER,84081-3,2026-09-21 05:31:38,1503.86,LATAM AIRLINES - Bilhete GRU-BSB,Débito,Passagens Aéreas,2026-09-21T16:26:38.055068,FECHAMENTO-DIARIO-2026
TX_SANTANDER_2F1907BE,SANTANDER,19396-1,2026-09-20 20:07:38,1237.61,GOL LINHAS AEREAS - Bilhete SP-RJ,Débito,Passagens Aéreas,2026-09-21T16:26:38.055068,FECHAMENTO-DIARIO-2026
TX_SANTANDER_2A596627,SANTANDER,15735-5,2026-09-20 19:59:38,801.23,IBIS HOTEL PAULISTA - Diárias Operacionais,Débito,Hospedagem,2026-09-21T16:26:38.055068,FECHAMENTO-DIARIO-2026
TX_SANTANDER_E29C8A7E,SANTANDER,75906-9,2026-09-21 02:44:38,1558.84,GOL LINHAS AEREAS - Bilhete SP-RJ,Débito,Passagens Aéreas,2026-09-21T16:26:38.055068,FECHAMENTO-DIARIO-2026
TX_CAIXA_5A8CEBA8,CAIXA,45396-2,2026-09-21 07:22:38,3581.72,HOTEL COPACABANA PALACE - 3 Diárias,Débito,Hospedagem,2026-09-21T16:26:38.055068,FECHAMENTO-DIARIO-2026
TX_CAIXA_4A538847,CAIXA,39209-2,2026-09-20 16:36:38,308.02,UBER FOR BUSINESS - Deslocamentos Diretoria,Débito,Transfer/Transporte,2026-09-21T16:26:38.055068,FECHAMENTO-DIARIO-2026
TX_CAIXA_1C1F135C,CAIXA,74311-7,2026-09-20 17:25:38,819.79,IBIS HOTEL PAULISTA - Diárias Operacionais,Débito,Hospedagem,2026-09-21T16:26:38.055068,FECHAMENTO-DIARIO-2026
TX_CAIXA_BC73EFE4,CAIXA,83154-3,2026-09-20 21:56:38,122.07,UBER FOR BUSINESS - Deslocamentos Diretoria,Débito,Transfer/Transporte,2026-09-21T16:26:38.055068,FECHAMENTO-DIARIO-2026
TX_CAIXA_2D08B922,CAIXA,64865-9,2026-09-21 06:44:38,1137.87,LATAM AIRLINES - Bilhete GRU-BSB,Débito,Passagens Aéreas,2026-09-21T16:26:38.055068,FECHAMENTO-DIARIO-2026
TX_CAIXA_A182A0A3,CAIXA,39857-2,2026-09-21 03:19:38,1081.87,IBIS HOTEL PAULISTA - Diárias Operacionais,Débito,Hospedagem,2026-09-21T16:26:38.055068,FECHAMENTO-DIARIO-2026
TX_CAIXA_8FC3B3A8,CAIXA,44015-9,2026-09-20 23:50:38,1266.17,GOL LINHAS AEREAS - Bilhete SP-RJ,Débito,Passagens Aéreas,2026-09-21T16:26:38.055068,FECHAMENTO-DIARIO-2026
TX_CAIXA_D65A018E,CAIXA,34761-6,2026-09-21 00:54:38,5711.78,HOTEL COPACABANA PALACE - 3 Diárias,Débito,Hospedagem,2026-09-21T16:26:38.055068,FECHAMENTO-DIARIO-2026
TX_CAIXA_F9469677,CAIXA,49962-9,2026-09-21 08:25:38,6413.19,HOTEL COPACABANA PALACE - 3 Diárias,Débito,Hospedagem,2026-09-21T16:26:38.055068,FECHAMENTO-DIARIO-2026
TX_CAIXA_7B78A721,CAIXA,85113-5,2026-09-21 01:08:38,1669.51,GOL LINHAS AEREAS - Bilhete SP-RJ,Débito,Passagens Aéreas,2026-09-21T16:26:38.055068,FECHAMENTO-DIARIO-2026
TX_CAIXA_6628C302,CAIXA,92277-0,2026-09-21 03:55:38,88.98,UBER FOR BUSINESS - Deslocamentos Diretoria,Débito,Transfer/Transporte,2026-09-21T16:26:38.055068,FECHAMENTO-DIARIO-2026
TX_CAIXA_E3255C25,CAIXA,55411-1,2026-09-21 16:02:38,1488.38,GOL LINHAS AEREAS - Bilhete SP-RJ,Débito,Passagens Aéreas,2026-09-21T16:26:38.055068,FECHAMENTO-DIARIO-2026
TX_CAIXA_04B7F8E6,CAIXA,98401-1,2026-09-21 00:40:38,970.29,IBIS HOTEL PAULISTA - Diárias Operacionais,Débito,Hospedagem,2026-09-21T16:26:38.055068,FECHAMENTO-DIARIO-2026
TX_CAIXA_FE94BAE0,CAIXA,54697-6,2026-09-21 02:18:38,443.4,LOCALIZA RENT A CAR - Locação Executiva,Débito,Transfer/Transporte,2026-09-21T16:26:38.055068,FECHAMENTO-DIARIO-2026
TX_CAIXA_6F0A4BE6,CAIXA,99352-0,2026-09-21 10:46:38,285.95,CHUBB SEGUROS - Seguro Viagem Internacional,Débito,Seguros,2026-09-21T16:26:38.055068,FECHAMENTO-DIARIO-2026
TX_CAIXA_D650EA09,CAIXA,61256-3,2026-09-21 08:41:38,575.44,LOCALIZA RENT A CAR - Locação Executiva,Débito,Transfer/Transporte,2026-09-21T16:26:38.055068,FECHAMENTO-DIARIO-2026
TX_CAIXA_7187C91A,CAIXA,80104-8,2026-09-21 10:55:38,764.85,LOCALIZA RENT A CAR - Locação Executiva,Débito,Transfer/Transporte,2026-09-21T16:26:38.055068,FECHAMENTO-DIARIO-2026
TX_CAIXA_88536A9A,CAIXA,99461-5,2026-09-21 02:53:38,952.37,IBIS HOTEL PAULISTA - Diárias Operacionais,Débito,Hospedagem,2026-09-21T16:26:38.055068,FECHAMENTO-DIARIO-2026
TX_CAIXA_AFECE173,CAIXA,87417-5,2026-09-21 05:56:38,4841.81,HOTEL COPACABANA PALACE - 3 Diárias,Débito,Hospedagem,2026-09-21T16:26:38.055068,FECHAMENTO-DIARIO-2026
TX_CAIXA_34788831,CAIXA,92656-9,2026-09-21 07:39:38,496.14,IBIS HOTEL PAULISTA - Diárias Operacionais,Débito,Hospedagem,2026-09-21T16:26:38.055068,FECHAMENTO-DIARIO-2026
TX_CAIXA_92C2753F,CAIXA,82571-4,2026-09-20 20:38:38,3601.24,HOTEL COPACABANA PALACE - 3 Diárias,Débito,Hospedagem,2026-09-21T16:26:38.055068,FECHAMENTO-DIARIO-2026
TX_CAIXA_0D109C9C,CAIXA,53248-1,2026-09-21 12:21:38,479.35,LOCALIZA RENT A CAR - Locação Executiva,Débito,Transfer/Transporte,2026-09-21T16:26:38.055068,FECHAMENTO-DIARIO-2026
TX_CAIXA_935026BD,CAIXA,10939-4,2026-09-21 07:56:38,1214.87,LATAM AIRLINES - Bilhete GRU-BSB,Débito,Passagens Aéreas,2026-09-21T16:26:38.055068,FECHAMENTO-DIARIO-2026
TX_CAIXA_607FF063,CAIXA,30944-5,2026-09-21 14:07:38,565.49,LOCALIZA RENT A CAR - Locação Executiva,Débito,Transfer/Transporte,2026-09-21T16:26:38.055068,FECHAMENTO-DIARIO-2026
TX_CAIXA_63B9507E,CAIXA,21151-1,2026-09-20 21:47:38,237.49,UBER FOR BUSINESS - Deslocamentos Diretoria,Débito,Transfer/Transporte,2026-09-21T16:26:38.055068,FECHAMENTO-DIARIO-2026
TX_CAIXA_D165AB49,CAIXA,87745-5,2026-09-21 01:27:38,211.9,UBER FOR BUSINESS - Deslocamentos Diretoria,Débito,Transfer/Transporte,2026-09-21T16:26:38.055068,FECHAMENTO-DIARIO-2026
TX_CAIXA_8E516111,CAIXA,65540-7,2026-09-21 13:59:38,1678.71,LATAM AIRLINES - Bilhete GRU-BSB,Débito,Passagens Aéreas,2026-09-21T16:26:38.055068,FECHAMENTO-DIARIO-2026
TX_HSBC_59FE52C8,HSBC,49855-3,2026-09-21 06:54:38,1238.45,GOL LINHAS AEREAS - Bilhete SP-RJ,Débito,Passagens Aéreas,2026-09-21T16:26:38.055068,FECHAMENTO-DIARIO-2026
TX_HSBC_4E167C14,HSBC,73633-7,2026-09-21 04:54:38,235.78,UBER FOR BUSINESS - Deslocamentos Diretoria,Débito,Transfer/Transporte,2026-09-21T16:26:38.055068,FECHAMENTO-DIARIO-2026
TX_HSBC_27850A62,HSBC,40383-0,2026-09-21 11:39:38,4464.02,HOTEL COPACABANA PALACE - 3 Diárias,Débito,Hospedagem,2026-09-21T16:26:38.055068,FECHAMENTO-DIARIO-2026
TX_HSBC_67DE01A9,HSBC,87932-5,2026-09-21 12:49:38,200.18,UBER FOR BUSINESS - Deslocamentos Diretoria,Débito,Transfer/Transporte,2026-09-21T16:26:38.055068,FECHAMENTO-DIARIO-2026
TX_HSBC_F0EA09D2,HSBC,41173-3,2026-09-21 09:30:38,444.28,CHUBB SEGUROS - Seguro Viagem Internacional,Débito,Seguros,2026-09-21T16:26:38.055068,FECHAMENTO-DIARIO-2026
TX_HSBC_9709A87E,HSBC,58774-6,2026-09-20 21:19:38,5838.36,HOTEL COPACABANA PALACE - 3 Diárias,Débito,Hospedagem,2026-09-21T16:26:38.055068,FECHAMENTO-DIARIO-2026
TX_HSBC_C2868BC9,HSBC,18747-0,2026-09-21 09:13:38,1527.75,GOL LINHAS AEREAS - Bilhete SP-RJ,Débito,Passagens Aéreas,2026-09-21T16:26:38.055068,FECHAMENTO-DIARIO-2026
TX_HSBC_13ED94A8,HSBC,12642-3,2026-09-21 01:31:38,1268.96,LATAM AIRLINES - Bilhete GRU-BSB,Débito,Passagens Aéreas,2026-09-21T16:26:38.055068,FECHAMENTO-DIARIO-2026
TX_HSBC_6734AD1D,HSBC,36478-2,2026-09-20 21:41:38,1380.92,LATAM AIRLINES - Bilhete GRU-BSB,Débito,Passagens Aéreas,2026-09-21T16:26:38.055068,FECHAMENTO-DIARIO-2026
TX_HSBC_9E2AD0B9,HSBC,80684-5,2026-09-20 17:46:38,943.71,LOCALIZA RENT A CAR - Locação Executiva,Débito,Transfer/Transporte,2026-09-21T16:26:38.055068,FECHAMENTO-DIARIO-2026
TX_HSBC_CA7E0E26,HSBC,31743-3,2026-09-21 14:58:38,1231.09,GOL LINHAS AEREAS - Bilhete SP-RJ,Débito,Passagens Aéreas,2026-09-21T16:26:38.055068,FECHAMENTO-DIARIO-2026
TX_HSBC_CA21D09C,HSBC,66191-9,2026-09-21 08:28:38,5357.79,HOTEL COPACABANA PALACE - 3 Diárias,Débito,Hospedagem,2026-09-21T16:26:38.055068,FECHAMENTO-DIARIO-2026
TX_HSBC_514FFD6A,HSBC,65038-0,2026-09-21 14:12:38,828.66,LOCALIZA RENT A CAR - Locação Executiva,Débito,Transfer/Transporte,2026-09-21T16:26:38.055068,FECHAMENTO-DIARIO-2026
TX_HSBC_0B15BDEE,HSBC,76351-8,2026-09-21 02:17:38,449.04,CHUBB SEGUROS - Seguro Viagem Internacional,Débito,Seguros,2026-09-21T16:26:38.055068,FECHAMENTO-DIARIO-2026
TX_HSBC_8C378926,HSBC,94048-7,2026-09-21 01:22:38,744.06,LOCALIZA RENT A CAR - Locação Executiva,Débito,Transfer/Transporte,2026-09-21T16:26:38.055068,FECHAMENTO-DIARIO-2026
TX_HSBC_9B2CC333,HSBC,83097-3,2026-09-21 14:13:38,1251.62,GOL LINHAS AEREAS - Bilhete SP-RJ,Débito,Passagens Aéreas,2026-09-21T16:26:38.055068,FECHAMENTO-DIARIO-2026
TX_HSBC_FE6A80C0,HSBC,21000-7,2026-09-21 05:44:38,207.61,UBER FOR BUSINESS - Deslocamentos Diretoria,Débito,Transfer/Transporte,2026-09-21T16:26:38.055068,FECHAMENTO-DIARIO-2026
TX_HSBC_92EE6154,HSBC,71754-6,2026-09-20 23:14:38,210.28,TAXA BSP/IATA - Remissão de Bilhete Corporativo,Débito,Taxas/Serviços,2026-09-21T16:26:38.055068,FECHAMENTO-DIARIO-2026
TX_HSBC_C9DBF8AF,HSBC,97520-4,2026-09-21 14:39:38,259.13,CHUBB SEGUROS - Seguro Viagem Internacional,Débito,Seguros,2026-09-21T16:26:38.055068,FECHAMENTO-DIARIO-2026
TX_HSBC_273D22A2,HSBC,26802-2,2026-09-21 02:10:38,1578.04,LATAM AIRLINES - Bilhete GRU-BSB,Débito,Passagens Aéreas,2026-09-21T16:26:38.055068,FECHAMENTO-DIARIO-2026
TX_SICREDI_15C1F282,SICREDI,40655-5,2026-09-20 18:30:38,667.69,IBIS HOTEL PAULISTA - Diárias Operacionais,Débito,Hospedagem,2026-09-21T16:26:38.055068,FECHAMENTO-DIARIO-2026
TX_SICREDI_0C847572,SICREDI,98869-1,2026-09-20 23:55:38,394.02,TAXA BSP/IATA - Remissão de Bilhete Corporativo,Débito,Taxas/Serviços,2026-09-21T16:26:38.055068,FECHAMENTO-DIARIO-2026
TX_SICREDI_C658CBEF,SICREDI,58923-5,2026-09-20 18:14:38,210.42,TAXA BSP/IATA - Remissão de Bilhete Corporativo,Débito,Taxas/Serviços,2026-09-21T16:26:38.055068,FECHAMENTO-DIARIO-2026
TX_SICREDI_B80E190B,SICREDI,27842-2,2026-09-20 21:06:38,428.51,TAXA BSP/IATA - Remissão de Bilhete Corporativo,Débito,Taxas/Serviços,2026-09-21T16:26:38.055068,FECHAMENTO-DIARIO-2026
TX_SICREDI_D598CE15,SICREDI,14863-4,2026-09-21 03:05:38,499.42,IBIS HOTEL PAULISTA - Diárias Operacionais,Débito,Hospedagem,2026-09-21T16:26:38.055068,FECHAMENTO-DIARIO-2026
TX_SICREDI_0838035F,SICREDI,15707-8,2026-09-21 16:15:38,1787.78,LATAM AIRLINES - Bilhete GRU-BSB,Débito,Passagens Aéreas,2026-09-21T16:26:38.055068,FECHAMENTO-DIARIO-2026
TX_SICREDI_5AEF7502,SICREDI,15782-4,2026-09-21 11:50:38,1073.42,LATAM AIRLINES - Bilhete GRU-BSB,Débito,Passagens Aéreas,2026-09-21T16:26:38.055068,FECHAMENTO-DIARIO-2026
TX_SICREDI_CC99C635,SICREDI,80868-1,2026-09-20 20:27:38,1288.11,LATAM AIRLINES - Bilhete GRU-BSB,Débito,Passagens Aéreas,2026-09-21T16:26:38.055068,FECHAMENTO-DIARIO-2026
TX_SICREDI_67808207,SICREDI,79434-1,2026-09-20 22:46:38,2187.19,LATAM AIRLINES - Bilhete GRU-BSB,Débito,Passagens Aéreas,2026-09-21T16:26:38.055068,FECHAMENTO-DIARIO-2026
TX_SICREDI_CC83DEDE,SICREDI,88166-9,2026-09-21 02:01:38,231.35,UBER FOR BUSINESS - Deslocamentos Diretoria,Débito,Transfer/Transporte,2026-09-21T16:26:38.055068,FECHAMENTO-DIARIO-2026
TX_SICREDI_255861A3,SICREDI,54264-1,2026-09-21 10:59:38,730.14,CHUBB SEGUROS - Seguro Viagem Internacional,Débito,Seguros,2026-09-21T16:26:38.055068,FECHAMENTO-DIARIO-2026
TX_SICREDI_B87BE549,SICREDI,79785-2,2026-09-20 22:28:38,551.3,IBIS HOTEL PAULISTA - Diárias Operacionais,Débito,Hospedagem,2026-09-21T16:26:38.055068,FECHAMENTO-DIARIO-2026
TX_SICREDI_F167B764,SICREDI,64501-4,2026-09-20 21:31:38,190.22,UBER FOR BUSINESS - Deslocamentos Diretoria,Débito,Transfer/Transporte,2026-09-21T16:26:38.055068,FECHAMENTO-DIARIO-2026
TX_SICREDI_71C43C75,SICREDI,27931-2,2026-09-20 16:57:38,3321.3,HOTEL COPACABANA PALACE - 3 Diárias,Débito,Hospedagem,2026-09-21T16:26:38.055068,FECHAMENTO-DIARIO-2026
TX_SICREDI_01EB4344,SICREDI,10431-6,2026-09-21 08:02:38,968.34,LATAM AIRLINES - Bilhete GRU-BSB,Débito,Passagens Aéreas,2026-09-21T16:26:38.055068,FECHAMENTO-DIARIO-2026
TX_SICREDI_C0703506,SICREDI,80691-0,2026-09-21 16:25:38,1392.01,LATAM AIRLINES - Bilhete GRU-BSB,Débito,Passagens Aéreas,2026-09-21T16:26:38.055068,FECHAMENTO-DIARIO-2026
TX_SICREDI_12B7063E,SICREDI,96120-5,2026-09-21 11:06:38,1181.9,IBIS HOTEL PAULISTA - Diárias Operacionais,Débito,Hospedagem,2026-09-21T16:26:38.055068,FECHAMENTO-DIARIO-2026
TX_SICREDI_3293D59B,SICREDI,77208-9,2026-09-21 15:45:38,278.34,TAXA BSP/IATA - Remissão de Bilhete Corporativo,Débito,Taxas/Serviços,2026-09-21T16:26:38.055068,FECHAMENTO-DIARIO-2026
TX_SICREDI_1B2EC622,SICREDI,20268-5,2026-09-21 04:31:38,185.13,TAXA BSP/IATA - Remissão de Bilhete Corporativo,Débito,Taxas/Serviços,2026-09-21T16:26:38.055068,FECHAMENTO-DIARIO-2026
TX_SICREDI_3599F579,SICREDI,78405-5,2026-09-21 09:12:38,222.05,UBER FOR BUSINESS - Deslocamentos Diretoria,Débito,Transfer/Transporte,2026-09-21T16:26:38.055068,FECHAMENTO-DIARIO-2026
TX_SICREDI_09EF496D,SICREDI,36554-0,2026-09-21 07:27:38,1168.44,GOL LINHAS AEREAS - Bilhete SP-RJ,Débito,Passagens Aéreas,2026-09-21T16:26:38.055068,FECHAMENTO-DIARIO-2026
TX_SICREDI_9CD07157,SICREDI,56558-3,2026-09-21 04:30:38,1995.3,LATAM AIRLINES - Bilhete GRU-BSB,Débito,Passagens Aéreas,2026-09-21T16:26:38.055068,FECHAMENTO-DIARIO-2026
TX_SICREDI_F1DB987A,SICREDI,35322-6,2026-09-21 08:19:38,818.66,LOCALIZA RENT A CAR - Locação Executiva,Débito,Transfer/Transporte,2026-09-21T16:26:38.055068,FECHAMENTO-DIARIO-2026
TX_SICREDI_07BD502F,SICREDI,80874-2,2026-09-20 18:14:38,5141.18,HOTEL COPACABANA PALACE - 3 Diárias,Débito,Hospedagem,2026-09-21T16:26:38.055068,FECHAMENTO-DIARIO-2026
TX_SICREDI_BB9448AD,SICREDI,81164-7,2026-09-21 02:22:38,1452.81,GOL LINHAS AEREAS - Bilhete SP-RJ,Débito,Passagens Aéreas,2026-09-21T16:26:38.055068,FECHAMENTO-DIARIO-2026
TX_SICREDI_826768E2,SICREDI,29023-5,2026-09-20 21:12:38,835.61,IBIS HOTEL PAULISTA - Diárias Operacionais,Débito,Hospedagem,2026-09-21T16:26:38.055068,FECHAMENTO-DIARIO-2026
TX_SICREDI_0401A2D6,SICREDI,33910-0,2026-09-21 11:50:38,468.88,CHUBB SEGUROS - Seguro Viagem Internacional,Débito,Seguros,2026-09-21T16:26:38.055068,FECHAMENTO-DIARIO-2026
TX_SICREDI_F0BFC630,SICREDI,39019-2,2026-09-20 20:23:38,728.17,LOCALIZA RENT A CAR - Locação Executiva,Débito,Transfer/Transporte,2026-09-21T16:26:38.055068,FECHAMENTO-DIARIO-2026
TX_SICREDI_6F40FDFF,SICREDI,32279-9,2026-09-21 04:24:38,5894.32,HOTEL COPACABANA PALACE - 3 Diárias,Débito,Hospedagem,2026-09-21T16:26:38.055068,FECHAMENTO-DIARIO-2026
TX_SICREDI_914BBB0C,SICREDI,85609-5,2026-09-20 20:58:38,1576.12,GOL LINHAS AEREAS - Bilhete SP-RJ,Débito,Passagens Aéreas,2026-09-21T16:26:38.055068,FECHAMENTO-DIARIO-2026
TX_SICREDI_CCF10CE9,SICREDI,85742-9,2026-09-20 23:54:38,1176.87,IBIS HOTEL PAULISTA - Diárias Operacionais,Débito,Hospedagem,2026-09-21T16:26:38.055068,FECHAMENTO-DIARIO-2026
TX_SICREDI_2C5A0B6B,SICREDI,80325-2,2026-09-21 07:48:38,425.39,CHUBB SEGUROS - Seguro Viagem Internacional,Débito,Seguros,2026-09-21T16:26:38.055068,FECHAMENTO-DIARIO-2026
TX_INTER_F96EADA1,INTER,57567-4,2026-09-21 05:39:38,965.87,IBIS HOTEL PAULISTA - Diárias Operacionais,Débito,Hospedagem,2026-09-21T16:26:38.055068,FECHAMENTO-DIARIO-2026
TX_INTER_239BC9F9,INTER,53429-5,2026-09-21 08:17:38,1301.69,GOL LINHAS AEREAS - Bilhete SP-RJ,Débito,Passagens Aéreas,2026-09-21T16:26:38.055068,FECHAMENTO-DIARIO-2026
TX_INTER_68B3F985,INTER,46070-0,2026-09-21 12:03:38,224.03,UBER FOR BUSINESS - Deslocamentos Diretoria,Débito,Transfer/Transporte,2026-09-21T16:26:38.055068,FECHAMENTO-DIARIO-2026
TX_INTER_2476C7A7,INTER,26804-1,2026-09-21 15:59:38,1249.46,GOL LINHAS AEREAS - Bilhete SP-RJ,Débito,Passagens Aéreas,2026-09-21T16:26:38.055068,FECHAMENTO-DIARIO-2026
TX_INTER_CE064527,INTER,34750-8,2026-09-21 10:58:38,804.01,IBIS HOTEL PAULISTA - Diárias Operacionais,Débito,Hospedagem,2026-09-21T16:26:38.055068,FECHAMENTO-DIARIO-2026
TX_INTER_BDB4BE6D,INTER,50803-8,2026-09-21 14:20:38,1789.59,LATAM AIRLINES - Bilhete GRU-BSB,Débito,Passagens Aéreas,2026-09-21T16:26:38.055068,FECHAMENTO-DIARIO-2026
TX_INTER_B821FA3A,INTER,41376-1,2026-09-20 20:59:38,362.91,CHUBB SEGUROS - Seguro Viagem Internacional,Débito,Seguros,2026-09-21T16:26:38.055068,FECHAMENTO-DIARIO-2026
TX_INTER_B7C733F6,INTER,65516-8,2026-09-21 11:48:38,818.36,CHUBB SEGUROS - Seguro Viagem Internacional,Débito,Seguros,2026-09-21T16:26:38.055068,FECHAMENTO-DIARIO-2026
TX_INTER_D8233567,INTER,48524-7,2026-09-20 19:46:38,90.47,UBER FOR BUSINESS - Deslocamentos Diretoria,Débito,Transfer/Transporte,2026-09-21T16:26:38.055068,FECHAMENTO-DIARIO-2026
TX_INTER_3C5EBDA4,INTER,84607-6,2026-09-20 21:45:38,763.79,CHUBB SEGUROS - Seguro Viagem Internacional,Débito,Seguros,2026-09-21T16:26:38.055068,FECHAMENTO-DIARIO-2026
TX_INTER_E7851EF1,INTER,44427-5,2026-09-21 15:09:38,3987.43,HOTEL COPACABANA PALACE - 3 Diárias,Débito,Hospedagem,2026-09-21T16:26:38.055068,FECHAMENTO-DIARIO-2026
TX_INTER_B0B36C3D,INTER,51282-5,2026-09-21 13:31:38,225.98,CHUBB SEGUROS - Seguro Viagem Internacional,Débito,Seguros,2026-09-21T16:26:38.055068,FECHAMENTO-DIARIO-2026
TX_INTER_84E2A2CD,INTER,33015-3,2026-09-21 08:55:38,264.43,TAXA BSP/IATA - Remissão de Bilhete Corporativo,Débito,Taxas/Serviços,2026-09-21T16:26:38.055068,FECHAMENTO-DIARIO-2026
TX_INTER_FE6DEC48,INTER,62755-5,2026-09-21 09:49:38,1781.37,GOL LINHAS AEREAS - Bilhete SP-RJ,Débito,Passagens Aéreas,2026-09-21T16:26:38.055068,FECHAMENTO-DIARIO-2026
TX_INTER_3F699E97,INTER,13929-3,2026-09-21 00:36:38,255.04,TAXA BSP/IATA - Remissão de Bilhete Corporativo,Débito,Taxas/Serviços,2026-09-21T16:26:38.055068,FECHAMENTO-DIARIO-2026
TX_INTER_C6137184,INTER,82819-9,2026-09-21 15:48:38,1842.87,LATAM AIRLINES - Bilhete GRU-BSB,Débito,Passagens Aéreas,2026-09-21T16:26:38.055068,FECHAMENTO-DIARIO-2026
TX_INTER_E1A23936,INTER,49148-7,2026-09-20 23:52:38,963.48,GOL LINHAS AEREAS - Bilhete SP-RJ,Débito,Passagens Aéreas,2026-09-21T16:26:38.055068,FECHAMENTO-DIARIO-2026
TX_INTER_51B25462,INTER,12547-4,2026-09-21 11:13:38,448.84,TAXA BSP/IATA - Remissão de Bilhete Corporativo,Débito,Taxas/Serviços,2026-09-21T16:26:38.055068,FECHAMENTO-DIARIO-2026
TX_INTER_430B0668,INTER,40707-8,2026-09-21 04:53:38,4134.1,HOTEL COPACABANA PALACE - 3 Diárias,Débito,Hospedagem,2026-09-21T16:26:38.055068,FECHAMENTO-DIARIO-2026
TX_INTER_BEE56FA0,INTER,37380-9,2026-09-20 17:16:38,276.89,UBER FOR BUSINESS - Deslocamentos Diretoria,Débito,Transfer/Transporte,2026-09-21T16:26:38.055068,FECHAMENTO-DIARIO-2026
TX_INTER_35F01BF3,INTER,27714-3,2026-09-20 17:48:38,1198.15,GOL LINHAS AEREAS - Bilhete SP-RJ,Débito,Passagens Aéreas,2026-09-21T16:26:38.055068,FECHAMENTO-DIARIO-2026
TX_INTER_CRITICO_A12E8E,INTER,99999-9,2026-09-21 16:26:38,156697.66,CHARTER AEREO EXECUTIVO - Fretamento Internacional,Débito,Passagens Aéreas,2026-09-21T16:26:38.055068,FECHAMENTO-DIARIO-2026
